,商品名,価格,ポイント倍率
0,Anker Nebula Cosmos Max (4K UHD / Android TV 9.0搭載 スマートプロジェクター) 【1500ANSI ルーメン / 最大150インチ投影 / オートフォーカス機能 / Dolby&#174;&#65038; Digital Plus搭載 / ズーム機能 / HDR10対応】,179980,1
1,Anker Nebula Cosmos (フルHD 1080p Android TV 9.0搭載 スマートプロジェクター)【900ANSI ルーメン / 最大120インチ投影 / オートフォーカス機能 / 20Wスピーカー / ズームイン機能 / HDR10対応】,79980,1
2,Anker Nebula Capsule II（世界初 Android TV搭載 モバイルプロジェクター）【200 ANSIルーメン / オートフォーカス機能 / 8W スピーカー】,59800,1
3,Anker Eufy RoboVac L70 Hybrid（ロボット掃除機）【2-in-1 吸い・ 拭き両用/静音設計/iPathレーザーナビゲーション/Wi-Fi対応/リアルタイムマッピング / 2200Paの強力吸引/ 自動充電/落下防止/衝突防止搭載】,54800,1
4,"ポータブル電源 Anker PowerHouse ポータブル電源(434Wh / 120,600mAh) 【静音インバーター / USB & AC & DC出力対応 / PowerIQ搭載 / PSE認証済】 キャンプ、車中泊、緊急・災害時バックアップ用電源",49800,1
5,プロジェクター Anker Nebula Capsule Pro モバイルプロジェクターAndroid搭載【150 ANSIルーメン/DLP搭載 / 360度スピーカー】,46800,1
6,プロジェクター Anker Nebula Capsule 小型モバイルプロジェクター Android搭載【100 ANSIルーメン/DLP搭載/360度スピーカー】,39999,1
7,ポータブル電源 Anker PowerHouse 200 (213Wh / 57600mAh ポータブル電源) 【PSE認証済 / USB-A出力 & USB-C入出力 & AC出力 & DCシガーソケット出力対応 / PowerIQ搭載】 キャンプ、緊急・災害時バックアップ用電源,29800,1
8,ロボット掃除機 Anker Eufy RoboVac G10 Hybrid【スマート・ダイナミック・ナビゲーション / 2-in-1 吸引・水拭き両用 / Wi-Fi対応/超薄型 / 2000Paの強力吸引 / 静音設計 /自動充電 / フローリング用】,26800,1
9,Anker Eufy RoboVac 15T (ロボット掃除機)【BoostIQ搭載/タッチコントロールパネル/超薄型 / 1500Paの強力吸引 / 静音設計/自動充電/フローリング/カーペット】,21800,1
10,ロボット掃除機 Anker Eufy RoboVac 15C（ロボット掃除機 by Anker)【BoostIQ搭載/Wi-Fi対応/超薄型 / 1300Paの強力吸引 / 静音設計/自動充電】,20800,1
11,ロボット掃除機 Anker Eufy RoboVac 11S（薄型ロボット掃除機)【BoostIQ搭載/超薄型 / 1300Paの強力吸引 / 静音設計/自動充電】,18800,1
12,Anker Eufy HomeVac S11 Go (コードレス掃除機) 【2層サイクロン / 120AWの吸引力】,17800,1
13,"Anker PowerHouse 100 (ポータブル電源 27,000mAh / 97.2Wh 出力45Wの充電器付き) 【純正弦波 AC100W / PD対応 45W 入出力 / PowerIQ 3.0 (Gen2)搭載 / ◇PSE認証済】アウトドア 車中泊 緊急 災害時 非常用電源",15990,1
14,Anker PowerConf (会議用 Bluetooth スピーカーフォン)【 全指向性マイク/エコーキャンセリング/ノイズキャンセリング/大容量バッテリー/Skype Zoom など対応 / 24時間連続使用 / USB-C接続/PowerIQ 対応】,12980,1
15,モバイルバッテリー Anker PowerCore+ 19000 PD（19000mAh PD対応 3ポート 超大容量 モバイルバッテリー）【PSE認証済 / 30W USB-C急速充電器付属/Power Delivery対応/USB-C入出力ポート/USBハブモード搭載/データ転送対応】iPhone&Android対応,10999,1
16,Anker Soundcore Motion+（30W Bluetooth 5.0 スピーカー）【ハイレゾ対応 / 12時間連続再生 / Qualcomm&#174; aptX&#8482; audio対応/BassUpテクノロジー / IPX7防水規格 / USB-C入力】,10999,1
17,Anker PowerCore III Elite 25600 87W (PD対応 25600mAh 超大容量 モバイルバッテリー)【PowerIQ 3.0 (Gen2) / USB Power Delivery 対応/USB-C入出力ポート/低電流モード搭載/PSE認証済】MacBook Lenovo HP iPad iPhone Android 各種対応,10490,1
18,Anker PowerCore+ 26800 PD 45W (26800mAh 2ポート 超大容量 モバイルバッテリー)【PSE認証済 / Power Delivery対応 / USB-C入出力ポート / USB-C急速充電器付属】iPhone / iPad / Android 他各種対応,9999,1
19,Anker Soundcore Liberty 2（ワイヤレスイヤホン Bluetooth 5.0）【IPX5防水規格 / 最大32時間音楽再生 / HearID機能/Qualcomm aptX&#8482; / cVc8.0ノイズキャンセリング / マイク内蔵 / PSE認証済】,9999,1
20,Bluetooth スピーカー Anker Zolo SonicG（Googleアシスタントスマートスピーカー）迫力あるクリアサウンドを実現した、シンプルで洗練されたコンパクトデザインのスマートスピーカー,8980,1
21,Anker Soundcore Spirit Dot 2（完全ワイヤレスイヤホン Bluetooth 5.0）【IPX7防水規格 / SweatGuardテクノロジー / 最大16時間音楽再生 / 短時間充電 (USB Type-C) / MCSyncテクノロジー / マイク内蔵 / PSE認証済】スポーツ フィットネス ランニング,7990,1
22,Anker PowerPort Solar ソーラーチャージャー(21W 2ポート USB )【PowerIQ搭載】,7480,1
23,Bluetooth スピーカー Soundcore Boost by Anker Bluetoothスピーカー20W スタイリッシュデザイン【迫力ある低音 / IPX5防水規格 / モバイルバッテリー機能搭載】,7299,1
24,Anker Soundcore Life Q20（Bluetooth5.0 オーバーイヤー型ヘッドホン）【アクティブノイズキャンセリング/ハイレゾ対応(AUX接続時) / 最大40時間音楽再生 / マイク内蔵】,6999,1
25,ワイヤレスイヤホン 【第2世代】Anker Soundcore Liberty Air Bluetooth 5.0【Qualcomm/aptX/ IPX5防水規格 / 最大28時間音楽再生 / cVc8.0ノイズキャンセリング / マイク内蔵 / グラフェン採用ドライバー / PSE認証済み】,6999,1
26,Anker PowerExpand+ 7-in-1 USB-C PD メディア ハブ 100W出力 Power Delivery USB-Cポート HDMI USB-Aポート,6999,1
27,Anker Soundcore 3 Bluetooth スピーカー イコライザー設定 チタニウムドライバー BassUpテクノロジー PartyCast機能 IPX7 防水規格 24時間連続再生 USB-C接続,6599,1
28,Anker 5-in-1 プレミアム USB-Cハブ【HDMIポート&1Gbpsイーサネットポート&3つのUSB3.0ポート搭載】MacBook/MacBook Air (2018) / MacBook Pro、ChromeBook他対応,6599,1
29,急速充電器 Anker PowerPort Solar Lite ソーラーチャージャー (15W 2ポート USB )【PowerIQ搭載】,6499,1
30,Bluetooth スピーカー Anker Zolo SonicG（Googleアシスタントスマートスピーカー）迫力あるクリアサウンドを実現した、シンプルで洗練されたコンパクトデザインのスマートスピーカー,8980,1
31,Anker Soundcore Spirit Dot 2（完全ワイヤレスイヤホン Bluetooth 5.0）【IPX7防水規格 / SweatGuardテクノロジー / 最大16時間音楽再生 / 短時間充電 (USB Type-C) / MCSyncテクノロジー / マイク内蔵 / PSE認証済】スポーツ フィットネス ランニング,7990,1
32,Anker PowerPort Solar ソーラーチャージャー(21W 2ポート USB )【PowerIQ搭載】,7480,1
33,Bluetooth スピーカー Soundcore Boost by Anker Bluetoothスピーカー20W スタイリッシュデザイン【迫力ある低音 / IPX5防水規格 / モバイルバッテリー機能搭載】,7299,1
34,Anker Soundcore Life Q20（Bluetooth5.0 オーバーイヤー型ヘッドホン）【アクティブノイズキャンセリング/ハイレゾ対応(AUX接続時) / 最大40時間音楽再生 / マイク内蔵】,6999,1
35,ワイヤレスイヤホン 【第2世代】Anker Soundcore Liberty Air Bluetooth 5.0【Qualcomm/aptX/ IPX5防水規格 / 最大28時間音楽再生 / cVc8.0ノイズキャンセリング / マイク内蔵 / グラフェン採用ドライバー / PSE認証済み】,6999,1
36,Anker PowerExpand+ 7-in-1 USB-C PD メディア ハブ 100W出力 Power Delivery USB-Cポート HDMI USB-Aポート,6999,1
37,Anker Soundcore 3 Bluetooth スピーカー イコライザー設定 チタニウムドライバー BassUpテクノロジー PartyCast機能 IPX7 防水規格 24時間連続再生 USB-C接続,6599,1
38,Anker 5-in-1 プレミアム USB-Cハブ【HDMIポート&1Gbpsイーサネットポート&3つのUSB3.0ポート搭載】MacBook/MacBook Air (2018) / MacBook Pro、ChromeBook他対応,6599,1
39,急速充電器 Anker PowerPort Solar Lite ソーラーチャージャー (15W 2ポート USB )【PowerIQ搭載】,6499,1
40,Bluetooth スピーカー Soundcore Flare by Anker 防水Bluetoothスピーカー12W【360°サウンド/BassUpテクノロジー/LEDライトエフェクト/IPX7防水規格】,6399,1
41,Anker PowerCore 26800 (26800mAh 超大容量 モバイルバッテリー) 【PSE認証済 / PowerIQ搭載 / デュアル入力ポート / 3台同時充電】iPhone / iPad / Android 他各種対応 (ブラック),6199,1
42,Anker Soundcore Life P2（完全ワイヤレスイヤホン Bluetooth 5.0）【IPX7防水規格 / 最大40時間音楽再生 / cVc8.0ノイズキャンセリング / グラフェン採用ドライバー / Qualcomm aptX / PSE認証済】,5999,1
43,Anker PowerCore Essential 20000 PD 【モバイルバッテリー / 大容量 20000mAh / PowerIQ 2.0搭載 / Power Delivery対応 / USB-C入出力ポート / PSE認証済】iPhone / iPad / Android各種対応,5999,1
44,Anker PowerExpand Direct 7-in-2 USB-C PD メディア ハブ 4K対応 HDMIポート 100W出力 Power Delivery 対応 Thunderbolt 3 USB-Cポート USB-A ポート microSD & SDカード スロット搭載,5999,1
45,ワイヤレスイヤホン Bluetooth 5.0 【第2世代】 Anker Soundcore Liberty Neo【IPX7防水規格 / 最大20時間音楽再生 / Siri対応 / グラフェン採用ドライバー / マイク内蔵 / PSE認証済】,5499,1
46,モバイルバッテリー Anker PowerCore II 20000 超大容量(20000mAh 2ポート モバイルバッテリー)【PowerIQ 2.0搭載 / PSE認証済】iPhone&Android対応,5499,1
47,Anker PowerCore 20100 (20100mAh 2ポート 超大容量 モバイルバッテリー) 【PSE認証済/PowerIQ搭載/マット仕上げ】iPhone&Android対応 (ブラック),5499,1
48,スピーカー【改善版】 Anker Soundcore 2(12W Bluetooth5.0 スピーカー 24時間連続再生) 【強化された低音 / IPX7防水規格 / デュアルドライバー / マイク内蔵 / ブルートゥース】,5339,1
49,モバイルバッテリー Anker PowerCore 20000 Redux（20000mAh 超大容量モバイルバッテリー）【PSE認証済/PowerIQ搭載/低電流モード搭載】iPhone & Android各種対応,5299,1
