,itemName,itemPrice,pointRate
0,【送料無料】千と千尋の神隠し みにちゅあーとキット 豪華 12種セット　ジブリ/スタジオジブリ/模型/ペーパークラフト/さんけい/sankei/不思議の町/時計塔/銭婆/カオナシ/千尋/線/ジオラマ/制作/お得/人気/映画/ギフト/プレゼント/ホワイトデー/母の日/父の日,108559,1
1,【送料無料】千と千尋の神隠し みにちゅあーとキット【油屋】(1/150サイズ) ＜MK07-10＞　スタジオジブリ/模型/ペーパークラフト/さんけい/sankei/千尋/風呂屋/クオリティ/雑貨/グッズ/ギフト/プレゼント/ホワイトデー/母の日/父の日,49170,1
2,【送料無料】耳をすませば みにちゅあーとキット【ジオラマ】 ＜MK07-40＞　スタジオジブリ/セット/模型/ペーパークラフト/さんけい/sankei/ジオラマキット/ギフト/プレゼント/おしゃれ/インテリア/工作/バロン,26730,1
3,【送料無料】魔女の宅急便 みにちゅあーとキット【ジオラマ】 ＜MK07-37＞　ジジ/コリコの町/スタジオジブリ/セット/模型/ペーパークラフト/さんけい/sankei/ジオラマキット/ギフト/プレゼント/おしゃれ/インテリア/工作/制作,22220,1
4,【送料無料】鬼滅の刃 chibiぬいぐるみ 無限列車5種セット【竈門炭治郎/竈門禰豆子/我妻善逸/嘴平伊之助/煉獄杏寿郎】 鬼滅/かまどたんじろう/あがつまぜんいつ/とみおかぎゆう/アニメ/おもちゃ/アニメ/グッズ/ジャンプ/漫画/キャラクター/ギフト/プレゼント/,20900,1
5,【送料無料】となりのトトロ みにちゅあーとキット【トトロがいっぱいジオラマ】 ＜MK07-35＞　スタジオジブリ/セット/模型/ペーパークラフト/さんけい/sankei/ジオラマキット/ギフト/プレゼント/おしゃれ/インテリア/工作//バレンタイン,19360,1
6,【送料無料】天空の城ラピュタ みにちゅあーとキット 3点セット【天空の城/タイガーモス/ロボット兵（園丁タイプ）】＜MK07-33＞＜MK07-20＞＜MK07-17＞ジブリ/ペーパークラフト/さんけい/sankei/ギフト/プレゼント/バレンタイン,15378,1
7,【送料無料】千と千尋の神隠し みにちゅあーとキット【不思議の町ジオラマ】(1/150サイズ) ＜MK07-32＞　スタジオジブリ/模型/ペーパークラフト/さんけい/sankei/【60】/ギフト/プレゼント/ホワイトデー/母の日/父の日,14938,1
8,【送料無料】スーパーマリオ マリオカート R/C BIG! 【マリオ】TV017 ラジコン/おもちゃ/プレゼント/ギフト/グッズ/任天堂/RC/車/自動車/オフロード,13200,1
9,クリスマス応援！ 豪華すみっコぐらし おもちゃ4点セット 【おえかきトレーサー/きらきらスノードーム/チューブレット/ハンドタオル】/クリスマス/ギフト/プレゼント/グッズ/雑貨/おもちゃ/すみっこ/サンエックス/映画,11000,1
10,送料無料★みにちゅあーとキット【ホテルアドリアーノ】紅の豚(1/300サイズ) ＜MK07-15＞　サボイア・ポルコのアジト付属/ジブリ/模型/ペーパークラフト/さんけい/sankei/【60】/ギフト/プレゼント/ホワイトデー/母の日/父の日,10978,1
11,【送料無料】となりのトトロ 伝統印伝シリーズ 【親子がま口(紺)】日本製/財布/小銭入れ/コインケース/バック/鹿革/漆/雑貨/グッズ/かわいい/大人/カード/スタジオジブリ/ジブリ/メンズ/レディース/大トトロ/エンスカイ/ギフト/プレゼント/クリスマス//クリスマス,10956,1
12,【送料無料】となりのトトロ 伝統印伝シリーズ 【親子がま口(赤)】日本製/財布/小銭入れ/コインケース/バック/鹿革/漆/雑貨/グッズ/かわいい/大人/カード/スタジオジブリ/ジブリ/メンズ/レディース/大トトロ/エンスカイ/ギフト/プレゼント/クリスマス//クリスマス,10956,1
13,送料無料★みにちゅあーとキット【ハウルの動く城】ハウルの動く城 ＜MK07-21＞　ソフィー/カルシファー/ジブリ/模型/ペーパークラフト/さんけい/sankei/【60】/ギフト/プレゼント/ホワイトデー/母の日/父の日,10670,1
14,【送料無料】ポケットモンスター ビッグモア! BigMore! ぬいぐるみ ゲッコウガ ポケモン　オールスターコレクション/ALL STAR COLLECTION　三英貿易/Pokemon GO/ギフト/プレゼント/特大/大きい/グッズ/もちもち/ふわふわ,10340,1
15,【送料無料】ポケットモンスター メガコントラックス ポケモン 2種セット【ジャンボピカチュウ＆イーブイ進化コレクション】　FVK81/GFV85/ブロック/マテル/Mattel/Pokemon GO/ギフト/プレゼント/特大/大きい/グッズ/ニンフィア/グレイシア/ブイズ,10318,1
16,【送料無料】 栃木レザー ギフト4点セット(ベルト/コインケース/キーケース/タオルハンカチ) 小銭入れ 国産本革 日本製 札入れ カードケース メンズ/ビジネス/本革/レザー/ハンドタオル/プレゼント/誕生日/父の日/ギフト/プレゼント/スマートキー,9856,1
17,ポケットモンスター もこもこぬいぐるみ【5種セット（ピカチュウ・イーブイ・フシギダネ・ゼニガメ・ヒトカゲ）】　ヌイグルミ/ポケモンGO/セット/ふわふわ/もこもこ/かわいい/セキグチ/Pokemon GO【80】/ギフト/プレゼント/バレンタイン,9790,1
18,今なら写真からオリジナルファイル作成プレゼント【送料無料】出産祝いに ギフトセット ドラえもん ダイカット授乳クッション ぬいぐるみ セット【ぬいぐるみ/ラッピング/メッセージカード付】 I'm Doraemon/世界に一つ/ギフト/贈り物/お祝い/ベビー/赤ちゃん/,9790,1
19,【お買い得セット・送料無料】となりのトトロ みにちゅあーとキット 2種セット【トトロ（MK07-19）・ネコバス（MK07-23）】ジオラマ/組み立て/作る名シーン/映画/ミニチュア/模型/スタジオジブリ/mini Non-sucale/ペーパークラフト/ギフト/プレゼント/クリスマス,9680,1
20,【送料無料】紅の豚 磁器オルゴール 【飛行機服ポルコロッソ】 406470 /雑貨/グッズ/かわいい/おもちゃ/ジブリ/スタジオジブリ/セキグチ/ギフト/プレゼント/キャラクター/アニメ/ホワイトデー/母の日/父の日,9394,1
21,木製ウィンドウミラー　折り畳み開きブルーPetit monde 40960 壁掛け飾りカントリー雑貨/鏡/窓枠/ギフト/プレゼント/ホワイトデー/母の日/父の日,9064,1
22,【送料無料】思い出のマーニー みにちゅあーとキット【湿っ地屋敷】(1/220サイズ) ＜MK07-24＞　スタジオジブリ/模型/ペーパークラフト/さんけい/sankei/マーニー/クオリティ/雑貨/グッズ/ギフト/プレゼント/ホワイトデー/母の日/父の日,8841,1
23,【送料無料】すみっコぐらし ぴょんぴょんジャンプ トランポリン （対象年齢3才〜）/おもちゃ/グッズ/雑貨/運動/体育/体操/遊具/ねこ/しろくま/とかげ/ぺんぎん？/幼稚園/ギフト/プレゼント/クリスマス/すみっこぐらし/アガツマ/とびだす絵本とひみつのコ,8800,1
24,【送料無料】アンパンマン 乗って！押して！へんしんウォーカー （対象年齢8ヶ月〜4才）/おもちゃ/グッズ/雑貨/運動/遊具/ドキンちゃん/バイキンマン/幼稚園/乗用/あんよ/おしゃべり/ギフト/プレゼント/クリスマス/アガツマ,8668,1
25,【楽天リアルタイムランキング1位】送料無料★ほあほあ ムーミン ぬいぐるみ【2Lサイズ】(87cm) ふっわふわ/やわらか/かわいい/ヌイグルミ/ビッグサイズ/プレゼント/ギフト/プレゼント/特大/巨大/大きい/でかい/ホワイトデー/母の日/父の日,8657,1
26,ポケットモンスター もこもこぬいぐるみ【4種セット（ピカチュウ・フシギダネ・ゼニガメ・ヒトカゲ）】　ヌイグルミ/ポケモンGO/セキグチ/Pokemon GO【80】/ギフト/プレゼント/ホワイトデー/母の日/父の日,8250,1
27,【送料無料】スーパーマリオ マリオカート マッハクイーンR/C【ヨッシー】 TV018ラジコン/おもちゃ/プレゼント/ギフト/グッズ/任天堂/RC/車/自動車/オフロード,8228,1
28,【送料無料】紅の豚 磁器オルゴール 【トレンチコートポルコロッソ】 403486 /雑貨/グッズ/かわいい/おもちゃ/ジブリ/スタジオジブリ/セキグチ/ギフト/プレゼント/キャラクター/アニメ,7920,1
29,【送料無料】スーパーマリオ マリオカート バギーR/C 【マリオ】 TV005 ラジコン/おもちゃ/プレゼント/ギフト/グッズ/任天堂/RC/車/自動車/オフロード,7678,1
30,スーパーマリオ ぬいぐるみ(S) 6種セット【マリオ/ルイージ/ヨッシー/キノピオ/ピーチ/デイジー】 ALLSTAR COLECTION/オールスターコレクション/おもちゃ/ゲーム/グッズ/雑貨/キャラクター/マリオカート/マリオメーカー/任天堂/ギフト/プレゼント/バレンタイン,7678,1
31,【送料無料】千と千尋の神隠し みにちゅあーとキット【時計塔】(1/150サイズ) ＜MK07-27＞　スタジオジブリ/模型/ペーパークラフト/さんけい/sankei/【60】/ギフト/プレゼント/ホワイトデー/母の日/父の日,7612,1
32,【送料無料】栃木レザー ロングウォレット 長財布 国産本革 日本製 札入れ 小銭入れ 栃木レザー コインケース 小銭入れ 国産本革 日本製 札入れ カードケース メンズ/ビジネス/本革/レザー/ギフト/プレゼント/誕生日/父の日【N】/バレンタイン,7348,1
33,【送料無料】となりのトトロ 磁器オルゴール 【メイちゃんとおさんぽ】 403530 /雑貨/グッズ/かわいい/おもちゃ/ジブリ/スタジオジブリ/セキグチ/ギフト/プレゼント/キャラクター/アニメ/クリスマス/フィギュア/めいちゃん,7282,1
34,【送料無料】みにちゅあーとキット【ラピュタ城】天空の城ラピュタ(NonScale) ＜MK07-33＞ジブリ/ペーパークラフト/さんけい/sankei/ギフト/プレゼント/ホワイトデー/母の日/父の日,7238,1
35,【送料無料】星のカービィ カービィ【Lサイズ】（高42cm）ぬいぐるみ KP08 オールスターコレクション/ALL STAR COLLECTION/三英貿易/ギフト/プレゼント/雑貨/グッズ/かわいい/おもちゃ/特大/巨大/大きい/キャラクター/任天堂/ゲーム/クリスマス,7040,1
36,【送料無料】あやつりオルゴール【ムーミン】（曲名：夢の世界へ）それからどうなるの？/インテリア/HUR GICK DET SEN?/絵本/ミイ/ミムラねえさん/ムーミンママ/フィギュア/ギフト/プレゼント/ホワイトデー/母の日/父の日,7040,1
37,【送料無料N】となりのトトロ みにちゅあーとキット【草壁家の引っ越し】＜MK07-14＞ジブリ/ペーパークラフト/トトロ/雑貨/グッズ/工作/草壁家/カンタ/さんけい/sankei【60】/ギフト/プレゼント/バレンタイン,7018,1
38,ウッドウィンドウフレーム濃いブルー系 no.40768/窓枠型壁掛け飾りカントリー雑貨/ギフト/プレゼント/母の日/父の日,6930,1
39,送料無料★みにちゅあーとキット コクリコ坂から【カルチェラタン】 ＜MK07-34＞　/ジブリ/模型/ペーパークラフト/さんけい/sankei//ギフト/プレゼント,6930,1
40,送料無料 スーパーマリオ ぬいぐるみ マリオ(L) （67cm） [AC41] オールスターコレクション/おもちゃ/ゲーム/グッズ/雑貨/キャラクター/マリオカート/マリオメーカー/任天堂/ギフト/プレゼント/特大/巨大/大きい/ホワイトデー/母の日/父の日,6908,1
41,送料無料 スーパーマリオ ぬいぐるみ ヨッシー(L) （60cm） [AC42] オールスターコレクション/おもちゃ/ゲーム/グッズ/雑貨/キャラクター/マリオカート/任天堂/マリオメーカー/ギフト/プレゼント/特大/巨大/大きい/ホワイトデー/母の日/父の日,6908,1
42,【送料無料】アンパンマン カプセルころりん！クレーンゲーム (対象年齢3歳以上) おもちゃ/子ども/幼稚園/あんぱんまん/かわいい/ギフト/プレゼント/クリスマス/UFOキャッチャー/ゲームセンター,6820,1
43,ガレージブリキランタンベース ( NFGR6020)キャンドルホルダー/ろうそく・ライト・フラワーベース・花瓶・造花・カントリー雑貨・ガーデニング・ジャンクガーデン・アンティーク・庭飾り・ギフト,6710,1
44,ハリーポッター 透明マント (対象年齢6歳以上) インスタグラム/インスタ/Instagram/TikTok/ティックトック/SNS/おもちゃ/子ども/幼稚園/動画/作成/アプリ/ギフト/プレゼント/クリスマス/,6600,1
45,ディズニープリンセス アナと雪の女王 トドラーリュック【雪の結晶ブルー】（A18966）/リュックサック/ディズニー/子供用/ギフト/プレゼント/バッグ/かばん/かわいい/おしゃれ/ファンシー/雑貨/グッズ/女の子/キッズ/子供/遠足/幼稚園/小学生/エルサ,6578,1
46,ファインディング・ドリー　ラバークリーナー【10個入りBOX】　ストラップ/携帯クリーナー/スマホアクセサリー/イヤホンジャック/ディズニー/ニモ/ピクサー/マックスリミテッド【60】/ギフト/プレゼント/ホワイトデー/母の日/父の日,6468,1
47,【送料無料】借りぐらしのアリエッティ みにちゅあーとキット アリエッティの家　MK07-13 おもちゃ/雑貨/アリエッティ/ホミリー/ポッド/ペーパークラフト/さんけい/スタジオジブリ/ギフト/プレゼント/バレンタイン,6380,1
48,【同梱不可送料無料】ガーデンウィール（L）ブラウン・40879・木製車輪/ガーデニング・アンティーク風・カントリー雑貨・ジャンクガーデン・シャビー/ギフト/プレゼント/ホワイトデー/母の日/父の日,6314,1
49,ガーデンウィール（L）白【同梱不可送料無料】posh-40880 木製車輪/ガーデニング・カントリー雑貨・ジャンクガーデン/ギフト/プレゼント/ホワイトデー/母の日/父の日,6314,1
50,【送料無料】となりのトトロ【授乳クッション】(58×52cm)大トトロ/ベビー用品/ベビーグッズ/赤ちゃん用品/スタジオジブリ/ギフト/プレゼント/雑貨/グッズ/ベビー/ホワイトデー/母の日/父の日,6281,1
51,となりのトトロ ぬいぐるみティッシュケース（ノーマル）＜ATD-911＞　トトロが寝ているよ！/ヌイグルミ/ティッシュカバー/大トトロ/スタジオジブリ/ギフト/プレゼント/雑貨/グッズ/かわいい/おしゃれ/インテリア/ボックスティッシュ/クリスマス,6270,1
52,【送料無料】魔女の宅急便 みにちゅあーとキット【キキとウルスラのアトリエ】MK07-39/ジオラマ/組み立て/作る名シーン/映画/ミニチュア/模型/スタジオジブリ/mini Non-sucale/ペーパークラフト/ギフト/プレゼント,6270,1
53,封神演義 ぽてコロマスコット BOX ぽてコロ 全6種（1BOX:6個入）ジャンプ/太公望/&#21738;&#21522;/楊善/黄天化/普賢真人/聞仲/ぬいぐるみ/グッズ/かわいい/キーホルダー/ギフト/プレゼント/ホワイトデー/母の日/父の日,6248,1
54,【送料無料】ポケモン キャンバスリュック【ポケモン総柄】バックパック/リュクサック/初代/かわいい/おしゃれ/キャラクター/雑貨/グッズ/ギフト/プレゼント/おもちゃ/かばん/バッグ/子ども用/キッズ,6116,1
55,【送料無料】父の日のプレゼントに 栃木レザー ギフト3点セット(コインケース/キーケース/タオルハンカチ) 小銭入れ 国産本革 日本製 札入れ カードケース メンズ/レディース/ビジネス/本革/レザー/ハンドタオル/プレゼント/誕生日/父の日/ギフト/プレゼント/スマートキー,6094,1
56,【送料無料】魔女の宅急便 みにちゅあーとキット【コリコの町】ジオラマ/組み立て/作る名シーン/映画/ミニチュア/模型/MK07-16/スタジオジブリ/mini Non-sucale/ペーパークラフト/ギフト/プレゼント/ホワイトデー/母の日/父の日,6006,1
57,【送料無料(N)】栃木レザー ショートウォレット 国産本革 日本製 札入れ カードケース メンズ/レディース/ビジネス/本革/レザー/ギフト/プレゼント/誕生日/ギフト/プレゼント/コンパクト/ミニ/三つ折り/財布,5940,1
58,ホーロー キッチンボウル3個セット水色・【HS162】/収納/HOMESTEAD（ホームステッド）/カントリー雑貨/小物入/AXCIS（アクシス）/ギフト/プレゼント/ホワイトデー/母の日/父の日,5830,1
59,【送料無料】となりのトトロ みにちゅあーとキット【ネコバス】ジオラマ/組み立て/作る名シーン/映画/ミニチュア/模型/MK07-23/スタジオジブリ/mini Non-sucale/ペーパークラフト/雑貨/グッズ/ギフト/ギフト/プレゼント,5786,1
60,【送料無料】となりのトトロ ペーパーシアター ウッドスタイル プレミアム【なにが釣れるかな？】PT-WP02 PAPER THEATER ペーパークラフト/スタジオジブリ/大トトロ/中トトロ/小トトロ/エンスカイ/ギフト/プレゼント/ホワイトデー/母の日/父の日,5781,1
61,【送料無料】千と千尋の神隠し　ペーパーシアター ウッドスタイル プレミアム【油屋】PT-WP01 PAPER THEATER ペーパークラフト/スタジオジブリ/エンスカイ/ギフト/プレゼント/ホワイトデー/母の日/父の日,5781,1
62,【送料無料】ブライドルレザー ベルト【ブラック/ダークブラウン】 長沢ベルト工業/メンズ/ビジネス/本革級ザー/ギフト/プレゼント/誕生日/父の日/ファッション,5720,1
63,ポケットモンスター Sサイズ ぬいぐるみ 3種セット【シャワーズ/サンダース/ブースター】(PP110/111/112)　ポケモン/オールスターコレクション/ALL STAR COLLECTION/三英貿易/Pokemon GO/ギフト/プレゼント/雑貨/グッズ/おもちゃ/マスコット/ソード/シールド/イーブイ,5698,1
64,【送料無料】耳をすませば みにちゅあーとキット 地球屋　MK07-09 聖司/雫/ムーン/ペーパークラフト/さんけい/スタジオジブリ【60】/ギフト/プレゼント/ホワイトデー/母の日/父の日,5661,1
65,【送料無料】みにちゅあーとキット【タイガーモス】天空の城ラピュタ(1/300サイズ) ＜MK07-17＞パズーの家つき！/ジブリ/ペーパークラフト/さんけい/sankei/ギフト/プレゼント/ホワイトデー/母の日/父の日,5610,1
66,すぐに飾れる。置くだけ 魔女の宅急便 かご入り ジジ＆リリー ぬいぐるみ ギフトセット ウェディングドール/ウェルカムボード/結婚式/結婚祝い/ぬいぐるみ/プレゼント/サプライズ/誕生日/結婚記念日/雑貨/グッズ/スタジオジブリ/カゴ/籠,5566,1
67,【送料無料】千と千尋の神隠し みにちゅあーとキット【銭婆の家と海原電鉄】(MK07-07)ジオラマ/組み立て/作る名シーン/1/150/ミニチュア/模型/海原電車/スタジオジブリ/mini Non-sucale/ペーパークラフト/ギフト/プレゼント,5500,1
68,【送料無料】思い出のマーニー みにちゅあーとキット 大岩家　MK07-18　ペーパークラフト/さんけい/スタジオジブリ/ギフト/プレゼント/ホワイトデー/母の日/父の日,5481,1
69,送料無料 鬼滅の刃 デコっ！と あしすたんどミニ 第2弾(1box:6個入) えふぉるめ/新品/アクスタ/グッズ/雑貨/映画/漫画/イラスト/ボールチェーン/キーホルダー/キャラクター/ジャンプ/竈門炭治郎/竈門禰豆子/我妻善逸/嘴平伊之助/珠世/鬼舞辻無惨,5481,1
70,【送料無料】アンパンマン よくばりすくすくウォーカー （対象年齢8ヶ月以上）/おもちゃ/グッズ/雑貨/運動/遊具/ドキンちゃん/バイキンマン/幼稚園/乗用/あんよ/おしゃべり/メロディ/ギフト/プレゼント/クリスマス/アガツマ,5478,1
71,スパイダーマン トドラーリュック【スパイダーたくさん】 A15503 MARVEL(マーベル)/アメコミ/リュックサック/デイバッグ/バックパック/かばん/鞄/雑貨/グッズ/ファーフロムホーム/アイアンスパイダー/ギフト/プレゼント/キャラクター/アメコミ,5478,1
72,【送料無料】Disney ディズニーウォッチ 箱入りギフト (全5色) 腕時計/メンズ/レディース/キッズ/子供/ケース/ベルト/雑貨/グッズ/かわいい/キャラクター/ミッキーマウス/mickey mouse/タオルハンカチ/プレゼント,5346,1
73,【送料無料】ツイステッドワンダーランド ブラインド缶バッジコレクションVol.1 全8種(1box：8個入) 直径7.5cm APDS5702(715878)　TWISTED WONDERLAND/グッズ/雑貨/ツイステ/キャラ/Disney/,5269,1
74,木製ウィンドウミラーS　茶 Petit monde 41030 壁掛け飾りカントリー雑貨/鏡/窓枠/ギフト/プレゼント/ホワイトデー/母の日/父の日,5192,1
75,【送料無料】 MOZ 抱き枕【Lサイズ】（約75cm） エルク/マシュマロボア/クッション/ぬいぐるみ/MOZ SWEDEN BODY PILLOW/インテリア/ヘラジカ/贈り物に/モズ/グッズ/雑貨/ギフト/プレゼント/ホワイトデー/母の日/父の日,5170,1
76,あやつりオルゴール【トトロ】（曲名：となりのトトロ）インテリア/大トトロ/小トトロ/クロスケ/スタジオジブリ/ギフト/プレゼント/雑貨/かわいい/おしゃれ/インテリア/ジブリ/ホワイトデー/母の日/父の日,5170,1
77,アイアン×木製　トイレットペーパーホルダーM 【41283】 押さえ金具付きシェルフ型ツインタイプ/カントリー雑貨・トイレ用品・キッチン・バストイレタリー・ギフト・プレゼント・ポッシュリビング【箱80】/ホワイトデー/母の日/父の日,5148,1
78,魔女の宅急便 トイレマット(ロング.60×80Vcm)【ジジとデート】371798 リリー/トイレグッズ/トイレタリー/スタジオジブリ/ジジ/センコー/ギフト/プレゼント/キャラクター/雑貨/グッズ,5038,1
79,あやつりオルゴール【ジジ】（曲名：やさしさに包まれたなら ）「魔女の宅急便」インテリア/スタジオジブリ/ギフト/プレゼント/雑貨/グッズ/かわいい/おしゃれ/インテリア/ホワイトデー/母の日/父の日,5016,1
80,【送料無料】天空の城ラピュタ OUTDOOR(アウトドア) PRODUCTS コラボ サコッシュ 427955 バッグ/ショルダー/かばん/かっこいい/リュック/青/ブルー/カオナシ/ススワタリ/キッズ/カバン/スタジオジブリ/通学/カバン/ギフト/プレゼント/バレンタイン,4961,1
81,フェイクグリーン　カクタスポット (80941)フェイクグリーン/サボテン・造花・フラワー・カントリー雑貨・ガーデニング・ジャンクガーデン・アンティーク・庭飾り・ギフト,4950,1
82,【送料無料】崖の上のポニョ みにちゅあーとキット【宗介とポニョの家】(MK07-08)ジオラマ/組み立て/作る名シーン/1/150/ミニチュア/模型//スタジオジブリ/mini Non-sucale/ペーパークラフト/ギフト/プレゼント/ホワイトデー/母の日/父の日,4891,1
83,【送料無料】ハウルの動く城 みにちゅあーとキット ハッター帽子店　MK07-03　カブ/荒地の魔女/ペーパークラフト/さんけい/スタジオジブリ/ギフト/プレゼント/ホワイトデー/母の日/父の日,4881,1
84,【送料無料】みにちゅあーとキット【機関車とオートモービル】天空の城ラピュタ(1/150サイズ) ＜MK07-12＞キャラクターシートつき！/ジブリ/模型/ペーパークラフト/さんけい/sankei/【60】/ギフト/プレゼント,4801,1
85,【送料無料】千と千尋の神隠し みにちゅあーとキット【カオナシ】(MK07-38)ジオラマ/組み立て/作る名シーン/ミニチュア/模型/砂金を持ったカオナシ/カエル/スタジオジブリ/mini Non-sucale/ペーパークラフト/ギフト/プレゼント,4781,1
86,【送料無料】栃木レザー 薄い財布 国産本革 日本製 札入れ ウォレット/小銭入れ/カードケース メンズ/レディース/ビジネス/本革/レザー/ギフト/プレゼント/ホワイトデー/誕生日/父の日/ギフト/プレゼント/バレンタイン,4686,1
87,【送料無料】千と千尋の神隠し みにちゅあーとキット 不思議の町-7　MK07-30　ペーパークラフト/さんけい/スタジオジブリ/映画/ジブリ/組み立て//ギフト/プレゼント/ホワイトデー/母の日/父の日,4664,1
88,【送料無料】魔女の宅急便 ジジ ぬいぐるみリュックサック かばん/スタジオジブリ/ヌイグルミ【袋80】/ギフト/プレゼント/ホワイトデー/母の日/父の日,4620,1
89,【送料無料】デジモンアドベンチャー もちふわクッション パタモン ぬいぐるみ　DGZ01 306814　デジモン/アニメ/映画/みんなの物LAST EVOLUTION 絆/ゲーム/おもちゃ/ヌイグルミ/かわいい/グッズ/雑貨/三英貿易/ギフト/プレゼント,4620,1
90,スーパーマリオ ぬいぐるみ(S) 6種セット【マリオ/ルイージ/ヨッシー/キノピオ/ピーチ/デイジー】 ALLSTAR COLECTION/オールスターコレクション/おもちゃ/ゲーム/グッズ/雑貨/キャラクター/マリオカート/マリオメーカー/任天堂/ギフト/プレゼント/バレンタイン,7678,1
91,【送料無料】千と千尋の神隠し みにちゅあーとキット【時計塔】(1/150サイズ) ＜MK07-27＞　スタジオジブリ/模型/ペーパークラフト/さんけい/sankei/【60】/ギフト/プレゼント/ホワイトデー/母の日/父の日,7612,1
92,【送料無料】栃木レザー ロングウォレット 長財布 国産本革 日本製 札入れ 小銭入れ 栃木レザー コインケース 小銭入れ 国産本革 日本製 札入れ カードケース メンズ/ビジネス/本革/レザー/ギフト/プレゼント/誕生日/父の日【N】/バレンタイン,7348,1
93,【送料無料】となりのトトロ 磁器オルゴール 【メイちゃんとおさんぽ】 403530 /雑貨/グッズ/かわいい/おもちゃ/ジブリ/スタジオジブリ/セキグチ/ギフト/プレゼント/キャラクター/アニメ/クリスマス/フィギュア/めいちゃん,7282,1
94,【送料無料】みにちゅあーとキット【ラピュタ城】天空の城ラピュタ(NonScale) ＜MK07-33＞ジブリ/ペーパークラフト/さんけい/sankei/ギフト/プレゼント/ホワイトデー/母の日/父の日,7238,1
95,【送料無料】星のカービィ カービィ【Lサイズ】（高42cm）ぬいぐるみ KP08 オールスターコレクション/ALL STAR COLLECTION/三英貿易/ギフト/プレゼント/雑貨/グッズ/かわいい/おもちゃ/特大/巨大/大きい/キャラクター/任天堂/ゲーム/クリスマス,7040,1
96,【送料無料】あやつりオルゴール【ムーミン】（曲名：夢の世界へ）それからどうなるの？/インテリア/HUR GICK DET SEN?/絵本/ミイ/ミムラねえさん/ムーミンママ/フィギュア/ギフト/プレゼント/ホワイトデー/母の日/父の日,7040,1
97,【送料無料N】となりのトトロ みにちゅあーとキット【草壁家の引っ越し】＜MK07-14＞ジブリ/ペーパークラフト/トトロ/雑貨/グッズ/工作/草壁家/カンタ/さんけい/sankei【60】/ギフト/プレゼント/バレンタイン,7018,1
98,ウッドウィンドウフレーム濃いブルー系 no.40768/窓枠型壁掛け飾りカントリー雑貨/ギフト/プレゼント/母の日/父の日,6930,1
99,送料無料★みにちゅあーとキット コクリコ坂から【カルチェラタン】 ＜MK07-34＞　/ジブリ/模型/ペーパークラフト/さんけい/sankei//ギフト/プレゼント,6930,1
