,itemName,itemPrice
0,星のカービィ スターアライズ,5854
1,【中古】星のカービィ スターアライズソフト:ニンテンドーSwitchソフト／任天堂キャラクター・ゲーム,4884
2,任天堂 星のカービィスターアライズ パッケージ版 Nintendo Switch(スイッチ ソフト)(新品)｜4902370539073｜,5853
3,星のカービィ スターアライズ Nintendo Switch　HAC-P-AH26A,5920
4,【Switch】星のカービィ　スターアライズ 任天堂 [HAC-P-AH26A NSWカービィスターアライズ],5920
5,星のカービィ マホロアぬいぐるみ(S) 高さ18cm KP15[ぬいぐるみ グッズ おもちゃ 雑貨 キッズ ベビー プレゼント セール sale 送料無料],1845
6,【送料無料】星のカービィ ぬいぐるみマスコット【カービィ ぶらさがり[KPM3]】（11cm）/キーホルダー/ストラップ/任天堂/ギフト/プレゼント/ゲーム/おもちゃ/雑貨/グッズ/かわいい/ホワイトデー/母の日/父の日,1221
7,星のカービィ 星と銀河のスターリウム(1BOX),4500
8,【色鉛筆も名入れOK/お道具箱付】星のカービィー鉛筆2B+色鉛筆12色8点文具セット(21hkb-2B+12c-8set）【鉛筆名入れ無料】,5761
9,星のカービィ バレンタイン キャラクターチョコレート チョコギフト S お菓子ギフト nintendo ハート 義理チョコ 友チョコ 自分チョコ キャラクター グッズ シネマコレクション【軽減税率】,319
10,【送料無料 普通郵便対応】星のカービィ カービィ スタンダード/ワドルディ/カービィ 座り Sサイズ ぬいぐるみ オールスターコレクション ALL STAR COLLECTION 任天堂 プレゼント 誕生日 ギフト おもちゃ ゲーム アニメラッピング可,1430
11,星のカービィ ヨーヨー{玩具 おもちゃ キャラクター 任天堂 ゲーム}{ギフト 誕生日 プレゼント 景品}{イベント 子ども会 幼稚園 施設}【色柄指定不可】,1307
12,星のカービィ カプキャラ KIRBY MUTEKI SUTEKI CLOSET 全4種セット バンダイ ガチャポン ガチャガチャ ガシャポン,1500
13,星のカービィ 今日もまんまる日記！ 1 （コロコロコミックス） [ ダイナミック 太郎 ],471
14,【星のカービィ】お茶碗【フェイス】【カービィ】【ゲーム】【ゲームキャラ】【カービー】【任天堂】【茶碗】【食器】【お椀】【キッチン】【幼稚園】【学校】【保育園】【グッズ】【かわいい】,1254
15,星のカービィ ダース鉛筆 12本 小学生 筆記具 エンジョイピクニック ゲームキャラクター カミオジャパン 2021SS 入学準備 筆記用具 キャラクター グッズ メール便可 シネマコレクション,1179
16,星のカービィ パズルプラネット （ビッグ・コロタン） [ フォルスタッフ ],825
17,星のカービィ カービィとワドルディのリバーシゲーム【RVS-04】 エンスカイ,2110
18,星のカービィ カレンダー 2021年 卓上 nintendo トライエックス 令和3年 暦 ゲーム キャラクター グッズ 予約 メール便可 シネマコレクション,1269
19,星のカービィ プラカップ 200ml C-1|お弁当 ランチグッズ ピクニック 行楽 行楽用品 レジャー アウトドア お花見 遠足 子供 入園 入学 幼稚園 保育園 小学校 お祝い キッズ 男の子 男児 キャラクター コップ,446
20,【星のカービィ】NUUシリコンポーチ【フェイス】【カービィ】【ヌウ】【NUU】【カービー】【ゲーム】【筆箱】【小物入れ】【ポーチ】【化粧ポーチ】【シリコン】【ケース】【スクール】【学校】【グッズ】【かわいい】,1485
21,星のカービィ(フェイス) シリコンがま口 POCHI ポチ コインケース 小銭入れ シリコンアイテム ポーチ 小物入れ お財布 【あす楽】　,1099
22,星のカービィ　ハンドタオル　3枚セット　わくわくカービィ柄　[No.4585003200],673
23,星のカービィ ALL STAR COLLECTION メタナイト (S) ぬいぐるみ 高さ14cm[ぬいぐるみ グッズ おもちゃ 雑貨 キッズ ベビー プレゼント セール sale 送料無料],1858
24,【星のカービィ　ステンレス　タンブラー　350ml】水筒　コップ　ステンレスタンブラー　保冷　カービィー　星の　カービ—　nintendo　任天堂　switch　キャラクター　かわいい　人気　グッズ　ゲーム　保温　ティータイム　ウッディー　グッズ　スターライズ,1620
25,星のカービィ ぬいぐるみバッグ がまぐちポシェット フェイス nintendo エスケイジャパン かわいい 小物入れ キャラクター グッズ 通販 シネマコレクション,1499
26,【中古】星のカービィ 5/ ひかわ博一,368
27,星のカービィ 下敷き B5クリアシタジキ コピー能力図鑑 nintendo エンスカイ 新学期 準備 雑貨 文具 キャラクター グッズ 通販 メール便可 シネマコレクション,329
28,【中古】星のカービィ 6/ ひかわ博一,318
29,星のカービィ B6 マンスリー手帳 2021 2021年 月間 ダイアリー nintendo エンスカイ 10月始まり キャラクター スケジュール帳 令和3年手帖 メール便可 シネマコレクション,1229
