,rank,itemName
0,1,桃太郎電鉄 〜昭和 平成 令和も定番！〜
1,2,Nintendo Switch Joy-Con(L) ネオンブルー/(R) ネオンレッド
2,3,新型 Nintendo Switch ニンテンドースイッチ 本体 Joy-Con (L) ネオンブルー/ (R) ネオンレッド 任天堂 ゲーム機 プレゼント ギフト 家族 ファミリー [ラッピング対応可
3,4,Nintendo Switch Lite ターコイズ
4,5,(新品/店印無)任天堂 Nintendo Switch ニンテンドースイッチ Joy-Con(L)ネオンブルー/(R)ネオンレッド バッテリー長持ちタイプ HAD-S-KABAA
5,6,Nintendo Switch Lite グレー
6,7,Nintendo Switch あつまれ どうぶつの森 セット 本体 任天堂 ニンテンドー スイッチ オンライン ギフト プレゼント 女性 あつもり ゲーム機 HAD-S-KEAGC あつもりカラー本体[ラッピング対応可]
7,8,任天堂　Nintendo 【再販】スーパー マリオパーティ　4人で遊べる Joy-Conセット【Switch】
8,9,Nintendo Switch Lite イエロー
9,10,任天堂　Nintendo Nintendo Switch Lite グレー[ニンテンドースイッチ ライト 本体 ゲーム機本体]
10,11,【新品】Nintendo Switch あつまれ どうぶつの森セット 本体 任天堂 ニンテンドー スイッチ 任天堂 ニンテンドー スイッチ
11,12,Nintendo Switch Lite コーラル
12,13,任天堂　Nintendo 【純正】Nintendo Switch Proコントローラー【Switch】[ニンテンドースイッチ プロコントローラー プロコン]
13,14,Nintendo Switch Lite ターコイズ
14,15,【封入特典付】【Switch】モンスターハンターライズ カプコン [HAC-P-AXSEA NSW モンスターハンターライズ ツウジョウ]
15,16,Nintendo Switch Proコントローラー
16,17,Switch コントローラー 任天堂 プロコン ワイヤレス ニンテンドー ゲームコントローラー HD振動 ジャイロセンサー連射機能搭載 ワイヤレス コントローラー HD振動 ゲーム コントローラー lite/PC 無線 TURBO
17,18,【楽天ブックス限定特典】牧場物語 オリーブタウンと希望の大地(フェリシアのエプロンドレス（『牧場物語　はじまりの大地』より）ダウンロード番号+オリジナルトートバッグ)
18,19,マリオカート8 デラックス
19,20,【12/31日-1/3日まで休業】新品未使用品【Sランク】Nintendo Switch ニンテンドースイッチ あつまれ どうぶつの森セット HAD-S-KEAGC 本体 新品 送料無料 あす楽 4902370545203
20,21,(新品/店印無)任天堂 Nintendo Switch ニンテンドースイッチ Joy-Con(L)(R)グレー バッテリー長持ちタイプ HAD-S-KAAAA
21,22,【早期予約特典】モンスターハンターライズ(【封入】DLC)
22,23,Nintendo Switch Lite イエロー
23,24,★Nintendo / 任天堂 Nintendo Switch あつまれ どうぶつの森セット HAD-S-KEAGC【送料無料】
24,25,任天堂 ［Switch］ あつまれ　どうぶつの森
25,26,任天堂　Nintendo Nintendo Switch Lite ターコイズ[ニンテンドースイッチ ライト 本体 ゲーム機本体]
26,27,・年末年始発送対応商品【新品未開封】ニンテンドースイッチ あつまれ どうぶつの森セットNintendo Switch HAD-S-KEAGC　 [HADSKEAGC　どうぶつの森]【KK9N0D18P】
27,28,Nintendo Switch Lite コーラル
28,29,リングフィット アドベンチャー [Nintendo Switch]【新品】任天堂 ニンテンドー スイッチ
29,30,あつまれどうぶつの森 ニンテンドースイッチ 本体 Nintendo Switch 任天堂 ■◇
